titulo;autor;texto
APARIÇÃO NAS ÁGUAS - I;Alberto de Oliveira;"Vênus, a ideal pagã, que a velha Grécia um dia 
Viu esplêndida erguer-se à branca flor da espuma, 
Cisne do mar Jônio 
Mais alvo do que a bruma!
Visão, filha, talvez, da ardente fantasia 
De um cérebro de deus;
Vênus, astro — no mar e lágrima — nos céus;
Vênus, quando eu te vejo a resvalar tão pura 
Do oceano à, flor,
Das águas verde-azuis na úmida frescura:
Vem da Grécia que é morta,
Abre do céu a misteriosa porta 
E em ti revive, ó pérola do amor!"
APARIÇÃO NAS ÁGUAS - II;Alberto de Oliveira;"É como um sonho imenso de gigantes, 
Cortado de relâmpagos de assombros,
Esse espasmo em que fico, quando vejo 
Desatar-se no olímpico de um beijo 
Os teus longos cabelos ondeantes 
Sobre o mármore santo de teus ombros! 
Há como o abrir de ilíadas augustas 
No sidéreo espaço que dominas;
Um como céu de deuses que se rasga 
E um levantar de místicas cortinas! 
Depois, no fundo azul de um quadro imenso, 
A visão nua, as carnes florescentes...
Sonhos... palpitações... deslumbramentos… 
A voz apocalíptica dos ventos,
E um mistério infinito 
A dilatar as pálpebras dormentes!"
APARIÇÃO NAS ÁGUAS - III;Alberto de Oliveira;"Que aparição de luz! Em breve, em breve 
Vais n’água flutuar! 
Ah! que as ondas, cruel! não sejam lábios,
E eu não seja o mar! 
Hora esplêndida e grande! No arvoredo 
Que te sombreia há um cântico piedoso: 
Tudo recorda o Éden! Doce e a medo 
Uma suave viração farfalha,
E há uma bênção que lúcida se espalha
No azul religioso.
Parece que uma eólica alegria 
Faz-se ouvir nas marítimas bafagens.
Por sobre as amplas superfícies cérulas;
E que em vez dos orvalhos se desfia 
Um rosário de pérolas 
Das encurvadas múrmuras ramagens!"
APARIÇÃO NAS ÁGUAS - IV;Alberto de Oliveira;"Clítia, a filha de Hélade divina,
Jamais foi vista assim do doudo amante 
No lácteo banho! Como a grega Ondina, 
Maior delírio e mais amor inspira 
Teu corpo flutuante 
Sobre as águas do mar mansas e mansas! 
Ficam-te a flux as perfumadas tranças, 
Tal no banho aromático a Hetaíra!"
APARIÇÃO NAS ÁGUAS - V;Alberto de Oliveira;"Do meu amor os ímpetos não domas! 
E, ah! quem, como eu, não te adorara, 
Se visse n’onda clara,
Como a suster-te, as tuas alvas pomas! 
Quem não sentira n'alma esses arrancos, 
Todo o ferver do interno cataclismo,
Ao ver-te nua, ao ver-te os seios brancos, 
As formas de Diana, 
Banhadas de uma luz prometeana,
Ó sideral aparição do abismo!"
APARIÇÃO NAS ÁGUAS - VI;Alberto de Oliveira;"Num relâmpago foges! A alva errante 
Também sumiu-se na irial torrente! 
Fechou-se a grande página brilhante 
Da Ilíada dos deuses!
O sol ascende vagarosamente."
VAPOROSA - I;Alberto de Oliveira;"Passas na terra, sombra misteriosa,
Sob lúcidas formas deslumbrantes.
E perdes-te depois nuns céus distantes 
Entre os véus de uma estrela radiosa.
E a alva, que se ergueu miraculosa, 
Pergunta aos gênios, às visões errantes. 
Se não viram-te as asas alvejantes 
Do azul roçando a face luminosa.
Através do infinito resplendente 
Acompanho-te, ó luz! sigo-te, estrela! 
E ao abrir das rosas do oriente,
Quando Vênus do mar se ergue mais bela, 
Do antro azul sobre a irial torrente 
Vejo-te erguida ‘inda maior que ela!"
III - O ÍDOLO - A MANHÃES DE CAMPOS;Alberto de Oliveira;"Sobre um trono de mármore sombrio, 
Num templo escuro e ermo e abandonado, 
Triste como o silêncio e ‘inda mais frio,
Um ídolo de gesso está sentado.
E, como a estranha mão, quebrando a medo 
A paz que envolve as funerárias urnas, 
Um órgão canta os salmos de um segredo 
Pelas amplas abóbadas soturnas.
Cai fora a noite — um mar que se retrata 
Sobre outro mar — dois pélagos azuis! 
Num — as ondas, alcíones de prata, 
N’outro — os astros, alcíones de luz!
E de seu negro mármore no trono 
O ídolo de gesso está sentado...
— Assim um coração repousa em sono.... 
Assim meu coração vive fechado."
IV - TRINDADES - AO DR FERREIRA DE ARAÚJO;Alberto de Oliveira;"Sabes para onde vão meus pensamentos, 
Lá quando o sol nos cerros se reclina,
E o coqueiral erguido na colina 
Abre o espato dos ventos ao rumor?
Sabes para onde vão meus pensamentos, 
Nas horas em que a luz, que se desmaia, 
Chora no mar que geme sobre a praia 
A partida do sol que é seu amor?
Sabes para onde vão meus pensamentos?
— Ah! vão todos perdidos, vão a toa 
Buscar a sombra de tua casa branca, 
Alevantada à beira da lagoa!"
V - CALMA NO MAR - IMITAÇÃO DE MIÇKIEWICZ;Alberto de Oliveira;"Passa o vento de leve o pavilhão abrindo.
Incha a vaga, marulha e após queda se estende: 
Assim virgem feliz por um sonhar infindo 
À ilusão do amor, que adormentou-a e prende, 
Acorda num suspiro e readormece rindo.
Sobre as vergas em paz, ao bonançoso ar, 
Fecham-se as velas, como ao fim de luta horrível 
Se dobram os pendões; na marcha regular 
O navio se embala quase que insensível,
Qual preso por cadeia ao fundo azul do mar.
Respira o marinheiro, e a multidão errante 
Canta rindo e fitando o páramo arquejante.
Ó oceano! ó mar! entre os teus ledos filhos 
Há um pólipo que, estranho aos bonançosos brilhos, 
À calma, ao céu, à luz, do fundo do teu berço 
Seus mil braços estende em um torpor imerso.
Ó pensamento humano! em tuas profundezas 
Há uma hidra feroz de ensanguentadas presas,
Que dorme ao batalhar dos Sonhos com a Paixão,
E que, quando na paz se envolve o coração,
Aí vai mergulhar, matando os sentimentos,
Suas garras cruéis, como punhais sangrentos!"
VI - TENEBROSA;Alberto de Oliveira;"Tu és como as visões de um cérebro doente.
Tens no teu grande amor o filtro da serpente.
O arsênico do Mal matou-te o coração.
Tu vives sem saber se acaso existe ou não 
O arcanjo da Fé, o querubim da Crença.
O Tédio te envolveu nas asas da doença.
Tu és como um Calvário onde não há mais cruz, 
D’onde roubou-se o Cristo e se extinguiu a luz.
Há as tristezas de um claustro, a solidão profunda, 
No teu céu sem clarões, no ar que te circunda.
O silêncio do chão em que se vai pousar 
Um féretro, essa paz sinistra, tumular,
O silêncio da dor que enrosca-se à caveira,
Tem antenas p’ra ti, prende-te a vida inteira.
Tu és um lago escuro, um pantano fatal;
Em ti só cresce um lírio — a negra flor do Mal; 
Tens no teu seio a Morte, e a superfície calma 
Anda sempre a esconder-me o que te corre n’alma! 
Secas-te ao sol, à chuva, aos cânticos do dia, 
Assim como se extingue e se esvaece e esfria 
Uma lágrima negra em pálpebra de gelo.
Tu és a encarnação de um torvo pesadelo,
Ligado à minha sombra e preso à minha dor;
És da Morte e da cova, e és do meu amor!
Que sejas triste, embora, e sejas muda, muda...
Que a Dor crave-te mais sua lanceta aguda,
Que o Mal te dilacere e a Febre te ajoelhe,
Que a figura da Morte o teu semblante espelhe, 
Que morda-te da Angústia a garra envenenada, 
Que escutes a descer das solidões do Nada,
Como um velho tambor rufando compassado,
As músicas do Horror!... Que morras!
— Ao teu lado, 
Aqui, em toda parte, a te seguir asinha,
Minha serás, mulher! eternamente minha!"
VII - O COLAR;Alberto de Oliveira;"Oh! quanto és bela agora 
A um raio que te beija 
A fronte onde branqueja 
A pérola da aurora!
Beija-te os pés e chora 
A fonte, e lacrimeja!
Que tudo e o céu te veja! 
Oh! quanto és bela agora!
Do mármor’ na bancada 
A mão de uma alvorada 
Aí deixou ficar,
— Mimo da luz à flor, — 
De lágrimas de amor 
Um lúcido colar!"
VIII - À SOMBRA DAS ÁRVORES;Alberto de Oliveira;"É esplêndida a alameda! 
Ao grande olhar divino 
O canto matutino 
Entoa Rig-Veda!
Esvoaçando leda,
Ao matinal destino,
A cada flor um hino 
A viração segreda !
Escorrem como a medo 
Das franças do arvoredo 
As lágrimas de um astro!
Oh! doce maravilha!
Vai tu colhê-las, filha,
Ao colo de alabastro!"
IX - QUADRO ANTIGO - A TEÓFILO DIAS;Alberto de Oliveira;"Da selva era que se abre o cactus, 
E onde o coqueiro esguio 
Remira os longos espatos 
No mole espelho do rio,
O amor por vezes eu libo, 
Na fantasia serena, 
Sonhando a filha morena 
De alguma guerreira tribo.
É à calma de um dia ardente: 
Arqueja o jaguar com sede... 
Oh! quem me dera essa rede 
Que está de um ramo pendente!
— Índia dos bosques em paz, 
Que noite na tua coma!
E sob teus pés que aroma 
Nas flores do sassafraz!
Mas quem de tão ledos brilhos 
Esta paisagem me traça,
Se estão, há muito, teus filhos 
Extintos, cabocla raça!
Por muitas vezes eu libo 
Essa quimera serena...
— Ah! flor das tabas morena, 
Que é feito de tua tribo?"
X - O PRIMEIRO BEIJO;Alberto de Oliveira;"Ao seio bom das plantas, 
Ao seio perfumado 
Envia um beijo amado,
 Ó sol que te alevantas!
 Do amor divinizado 
As harmonias santas 
Cantai, cantai no prado, 
Ó matinais gargantas!
Esplenda à luz, ao canto,
O que há de puro e santo;
Eleve-se a espiral!
Que eu beijo-te, mimosa, 
A alvura cetinosa,
O seio virginal!"
XI - VISÃO DAS RUÍNAS - A L. NICOLI.;Alberto de Oliveira;"A história dos falsos deuses, 
Suas míticas legendas;
As tradições apagadas,
As velhas extintas lendas; 
Os caídos monumentos,
Já sem plinto e sem fachadas; 
Os alcaçares sombrios,
Onde os gênios erradios 
Vinham na alma dos ventos 
Chorar o amor dos heróis 
E o romance das rainhas;
Os palácios derrocados,
Ermos, sinistros e sós,
Na muda noite plantados; 
Castelos já sem ameias,
E os mochos e as andorinhas, 
Ensombrando os pavimentos; 
As subterrâneas moradas 
De largos assombros cheias;
As vastas fundas escadas,
Os silenciosos retiros,
As agrestes solidões,
Donde escapavam suspiros 
E as brancas aparições;
Todas as velhas baladas,
Todas as trágicas lendas,
Todas aquelas imagens 
Ruinosas, frias, tremendas, 
Sinistras e desoladas;
Através de cada idade,
Do tempo à gasta ampulheta, 
Como Valmeyars que giram,
Têm um lago onde refletem-se, 
Um espelho aonde se miram, 
Maior do que a imensidade:
— É o coração do poeta!"
XII - INTERIOR - A TOMÁS ALVES FILHO;Alberto de Oliveira;"Seria pouco mais de uma da madrugada.
Um filho, um’alma em flor,
Louro, angélico e puro,
Despertando àquel’hora, a medo, pelo escuro, 
Pôs-se a chorar, chamando à lágrima arrastada 
Por um nome que é paz, conforto, luz e amor.
— Mãe!
E então a essa voz, que a toda e qualquer hora 
O coração escuta,
Do leito conjugal a pálida madona,
Casta, doce, impoluta,
Como um sonho infantil, meiga como uma aurora, 
Se ergue, toma as mãos, os cândidos bracinhos, 
Pendurados do berço,
O corpo, aquela flor nascida de uns carinhos,
E ungindo-o de luz, no seu olhar imerso,
Aos seios o conchega.
Oh! grande e eterno amor!
Qual é mais do que tu? Ao teu supremo encanto, 
Sente aquele que chora as bagas de seu pranto 
Transmudarem-se em luz de um mago resplendor!
Um raio de luar 
Baixou, como o clarão que desce de um altar,
Por uma fresta, e ali permaneceu brilhante.
Àquela nívea luz,
Ao fundo, — enquanto a mãe amamentava o infante, 
Brilhava o corpo nú de um lívido Jesus!
E, ah! talvez, quem sabe? àquele mesmo instante, 
Em algum beco escuro,
Os torpes libertinos das vielas 
Um jato salivado de impropérios 
Cuspiam às estrelas! 
Enquanto à luz dos lampiões funéreos,
— Como sombras num chão de bacanal,
Uns cães magros uivavam tristemente,
Trotando o lamaçal!"
XIII - ONDULAÇÕES;Alberto de Oliveira;"À flor da vaga errante em placidez oscila 
Um barco triste e escuro, ao mar abandonado: 
Banha um luar de jaspe o firmamento arqueado 
A noite é calma e doce, a viração tranquila.
E àquela claridade incerta e duvidosa 
Brilha a esteira da espuma, o rasto luminoso; 
E o navio sem dono e plácido e moroso,
Vai na onda imprimindo a sombra silenciosa.
De onde vem? quem o leva e qual seu rumo e porto?
Ah! quanta vez também num mar ilimitado, 
Enquanto o ar é puro e o páramo estrelado,
Não boia o coração silencioso e morto!"
XIV - TRIUNFO SATÂNICO - A PEDRO PAULO DO AMARAL.;Alberto de Oliveira;"Ao voltar uma vez do casarão sagrado, 
Onde a levava sempre o seu amor piedoso, 
Unido a um nome vil um ramo perfumoso 
Entre as folhas achou de seu missal doirado.
Àquela sedução do estúpido Pecado 
O fantástico olhar não lhe brilhou trevoso; 
O mimo arrebatando ao seio religioso, 
Guardou-o nas paixões do seio delicado.
O bom templo de Deus sentiu a mão profana 
Desse crime cruel. Naquelas sedas pretas 
Já não lhe havia um’alma!
Hosana! hosana! hosana!
Soltem-se, pois, ao Mal as bárbaras grilhetas!
Tu só frágil não és, ó criatura humana! 
— Satan comprou Jesus com um ramo de violetas."
XV - NA ALAMEDA - A MARIANO DE OLIVEIRA;Alberto de Oliveira;"Pela alameda sombreada e fresca 
Eu e ela, ela um tanto romanesca,
Um tanto aérea quase, íamos indo...
Estava o dia lindo 
E aos nossos pés na mole úmida areia, 
Vestindo uns tons de ocre, um quase louro, 
Uns fragmentos do sol das cinco e meia 
Luziam semeados,
Como pedaços de ouro.
Uns grupos mitológicos de gesso, 
Aqui, além dispersos,
Uns de um lago na margem, 
Outros à sombra, em doce paz imersos, 
Ao nosso andar surgiam,
Como imprudentes Sátiros que riam, 
Espreitando entre os claros da folhagem.
A rua um tanto morta,
O ar calmo, parado,
De um pequeno chalet romantizado 
Ouvíamos fugindo pela porta 
Os sons duma ária soluçada ao piano! 
Mas além, para o mar,
Talvez do férreo cano 
De alguma embarcação, subia às vezes 
Um som vibrante que acordava o ar.
— As mãos postas nas minhas:
Se tivéssemos asas! Se um só dia 
Fossemos nós quais são as andorinhas! 
E me falou da Itália;
Era o seu ideal! Por noite fria 
Um passeio no golfo, quando extático 
O céu azul esplêndido se espalha 
Se negligenciando no Adriático!
E sua voz rítmica, suave,
Cheia do fluido de um celeste beijo,
Doce como a harmonia, 
Punha-me n’alma o vago de um desejo, 
O desejo de ter, como dizia,
Asas assim como as que tem um’ave!
Fomo-nos esquecendo brandamente 
Da doirada ilusão.
Daquela douda, fugitiva imagem;
Ela falou do lar: deixá-lo? Não! 
Eu lhe falei do tédio da viagem.
A tarde sobre as árvores ruidosas 
Punha os sons de umas músicas saudosas,
Um como anseio langue;
Do repuxo até nós chegava o choro; 
Ia findando o dia 
Com uma tristeza mórbida, sombria,
E longe, longe, alfinetado de ouro 
Tombava o sol, como um borrão de sangue!"
XVI - TOILETTE LÍRICO - A BELISÁRIO DE SOUZA;Alberto de Oliveira;"Trovadores do campo amadornado, 
Afinai a garganta ao desafio,
E tecei com os do vento pelo rio 
Uns idílios ao nítido azulado.
Poetas do lirismo condenado! 
Eu quero vos colher no som doentio 
A esse spleen matutino o desfastio, 
Com as carícias do ar romantizado.
Trovadores, cantai! O alpestre monte 
Já do seio cerrado do horizonte 
Sacode as grandes barbas alvadias;
À moderna se veste a natureza,
E de um novo banquete à lauta mesa 
Ouço as risadas das manhãs vadias!
XVII - TENEBROSA - A PONTES JUNIOR
Sei que te apagas, que te esvais, que em breve, 
Triste, onde a luz do sol doirou meu rumo, 
Mas não verei que do meu sonho o fumo 
A me cercar nuns hálitos de neve;
Sei, e que importa, em teu olhar errante 
Chispe essa luz tão íntima e tão pura,
Que já te morde o seio palpitante 
O horror da sepultura!
A sagrada irrisão não vem-me à vida,
Como um bronze, esmagar-me o pensamento; 
Sei me erguer, se me abate o sofrimento,
Sei sorrir, quando sangra-me a ferida;
Não que a alma de cínica não trema,
Nem o espírito encha um lume baço;
Mas é que o peito, quando a dor extrema,
Tem a rijeza do aço!
Que à tona desse rio te embalance 
A última esperança resplendente,
Até que, quando a vista não te alcance, 
Submerja-te a pérfida corrente;
— Eu que espalhei por todo o céo meus sonhos, 
Que soltei pelo azul das alvoradas 
Esse bando de pássaros risonhos,
Essas pombas sagradas;
Eu lhes direi, às íntimas errantes,
Que, quando subas às regiões serenas,
Tragam, volvendo à terra, uma das penas 
Que te enfeitam as asas deslumbrantes;
E nesse grande amor que inda me aviva,
Às tristezas achando um desafogo,
Ver-te-ei sempre minha, qual se viva,
Coroada de um círculo de fogo!"
S1;Alberto de Oliveira;"O sol se levantando em vão forceja 
D’encontro aos doze vidros de diamante 
Que tem tua vidraça;
Ele é grande demais p’ra que te veja; 
Não cabe no teu ninho palpitante;
E por isso o sol passa.
Minh’alma, como o sol, em vão forceja 
Contra as grades que tens no peito amante, 
Em vão tenta-as quebrar! 
Ela é um átomo, flor! e te deseja;
Bem cabe no teu ninho palpitante...
Deixa-a entrar, deixa-a entrar!"
S2;Alberto de Oliveira;"Obliquamente o sol, em púrpuras velado,
Fere com um beijo morno o crespo transparente, 
E aos hálitos da luz o tépido ambiente 
Envolve se num véu prismático e doirado.
Trescala o incenso, a mirra, o cravo rescendente 
Nas jarras orientais; então do cortinado,
Medrosa, abrindo os véus, num gesto namorado, 
Ei-la a Bacante nua! a Sílfide ridente!
Faz-se, agora, talvez, como um mistério estranho...
A carne sensual, refrigerada ao banho,
Toma os crivos, a renda, os folhos, o cetim;
Enquanto n’água fresca e láctea e perfumada,
O róseo sabonete, a flor purpureada,
Desbrocha entr’alva espuma a ponta de carmim."
XX - MÍSTICA - A JOAQUIM MALDONADO - I;Alberto de Oliveira;"Quanta vez, como um’ave misteriosa,
De ermo em ermo vagando,
Entre a luz, entre o fumo,
Não tenho o meu olhar lançado ao céu, sem rumo, 
E o não tenho deixado adormecer chorando 
No azul de alguma noite esplêndida e formosa!
Quanta vez, como lágrima suspensa 
E que se esvai a um vento repentino,
Não sinto-o que me desce,
Que frio como a neve a pálpebra amortece,
Naquela noite imensa
Cheia do resplendor metálico de um hino!
Quantas se prende e engasta
Lá nesse rio, cujas vagas cérulas,
Estreladas de lírios cintilantes,
Rolam ondas e ondas de diamantes,
E onde as mãos de uma alvorada casta 
Há semeado um turbilhão de pérolas! 
Quantas não paira incerto,
Ouvindo de cem mundos gloriosos 
Os longínquos rumores sonorosos,
Como um bater, de ventos no deserto!"
XX - MÍSTICA - A JOAQUIM MALDONADO - II;Alberto de Oliveira;"Donde esse errar de mundos sobre mundos, 
Esse errante bater d’asas cansadas,
Em viagem de pélagos profundos,
No mistério das noites encantadas?
Quem me arranca do íntimo este anseio 
E m’o arremessa ao fundo das alturas, 
Como um cristal que arroja-se no seio 
De umas ondas escuras?
Donde o vago mistério tenebroso 
Que o sonolento espírito circunda,
Se de um orbe a outro orbe luminoso 
Mais entranha-se errante e mais se afunda? 
Quando as harpas dos páramos vibrantes, 
Salmodiando os cânticos do dia,
Entornam, como chuva de diamantes,
Os concertos da mística harmonia;
Quando, como os belígeros arneses,
A refulgente lâmina divina 
Umas vezes oscila e noutras vezes 
De um metálico brilho se ilumina;
Por que, se a estrela d’alva imaculada 
Des’brocha, como um lírio n’Oriente,
Outra estrela, outra núncia d’alvorada,
Há de acordar-se em nós resplandecente?"
XX - MÍSTICA - A JOAQUIM MALDONADO - III;Alberto de Oliveira;"No esplêndido luar das noites brasileiras, 
Seguindo a aparição da lúcida poesia,
Como um pássaro abrindo as asas forasteiras, 
Assim meu triste olhar se perde e se extasia!
E quando sobre o azul do píncaro dos montes 
Seu estandarte d’oiro a madrugada planta,
Sinto-o apagar-se, assim dos largos horizontes 
Foge a estrela da noite ao sol que se alevanta!"
XXI - AO SOL POENTE - A ARTUR AZEVEDO;Alberto de Oliveira;"Lembra-te ainda a tarde, aquela tarde quente, 
À porta de teu lar, na íntima ventura? 
Como o dia era belo, e como estavas pura! 
Como eu te segredava o meu amor ardente!
Que doce embriaguez da sombra na frescura, 
Ali, à claridade amiga e transparente 
Do romântico sol avermelhando o poente,
Ali, onde eu beijei-te os dedos na costura!
Longe, através da cerca, os prismas delicados, 
As árvores, da relva os tons amaciados,
Dos muros a brancura, o aspecto dos jardins…
Oh! Lembras-te? Do amor à íntima fagulha,
Eu, ao teu lado, flor, ouvia a tua agulha 
Gemer como um punhal no peito dos cetins."
XXII;Alberto de Oliveira;"Do frio Danúbio à flux 
Se erguem, fitando as correntes, 
Da lua aos pingos de luz,
Umas ficções transparentes.
São as Valquírias medrosas, 
Anjos do amor passageiros,
Que surgem vertiginosas 
Do gelo dos nevoeiros.
Do teu olhar aos clarões, 
Fugazes como um conforto, 
Também se miram ficções 
Nest’alma — um Danúbio morto."
XXIII;Alberto de Oliveira;"Outros sonham, talvez, dos olhos teus na onda 
Embarcar-se a correr os mares ideais,
Ou por ela descer, como ligeira sonda,
Às pérolas do golfo, aos bancos de corais.
Tens a riqueza vã de Ofir e de Golconda! 
Nos teus olhos azuis, brilhantes, imortais,
Eu não sonho, eu não quero aí cousas triviais;
O que eu sonho, o que eu quero o meu amor esconda.
Não os quiseram ver sob esse véu de tule,
Nem velados assim de êxtases saudosos!
Eu quisera inspirar-te uma paixão exul!
Quisera, ao te lançar num vórtice de gozos,
Minar como um obreiro esse rochedo azul 
E assistir à explosão dos vícios luminosos!"
XXIV - TORTURAS DO IDEAL - A JOSÉ DO PATROCÍNIO - I;Alberto de Oliveira;"Podeis sorrir, abrir-vos, 
Rosas e violetas! 
Enchei esse ambiente 
De essências prediletas!
Podeis voar, ó pássaros! 
A selva se perfuma!
— O meu amor não tolda 
A mais cerrada bruma!
O meu amor é eterno! 
Imenso e imorredouro! 
É o sol radiante, altivo,
O astro grande e louro!
Não vos fecheis, ó lírios! 
Não vos murcheis, ó rosas! 
Ó madressilvas brancas, 
Abri-vos perfumosas!
A luz matinal banha 
Do monte a verde espalda. 
Voai, voai, esp’ranças,
— Insectos de esmeralda!
Enchei, laranjais verdes,
O chão de brancas flores! 
Cantai, aves do céu,
Alados trovadores!
O meu amor é eterno! 
A essência de que veio 
É o fluido luminoso,
Que os astros têm no seio!"
XXIV - TORTURAS DO IDEAL - A JOSÉ DO PATROCÍNIO - II;Alberto de Oliveira;"Eu tenho sobre as nuvens 
Esplêndidos castelos!
Para me alçar da terra 
À tão altas moradas,
Subo pelas escadas
Das tranças de uns cabelos!
Das suas áureas torres,
As minhas esperanças 
Debruçam-se p’ra ver-me, 
Como gentis crianças!
Tem cada qual nos lábios 
Não sei bem que poemas, 
E prendem seus cabelos 
Uns lúcidos diademas.
Pelas janelas sempre 
Entra o luar em cheio 
E entorna de seu seio 
Sobre as tapeçarias 
Pér’las, doiradas conchas, 
Luzentes pedrarias.
Nos minaretes altos,
Quais pássaros de luz, 
Pousam milhões de estrelas, 
Milhões d’astros azuis.
Nessas regiões ignotas 
Só eu penetro ousado; 
Lá vive o meu amor,
O lúcido exilado.
Para me alçar tão alto 
Àqueles meus castelos, 
Uns olhos são-me — guias, 
E escadas — uns cabelos."
XXIV - TORTURAS DO IDEAL - A JOSÉ DO PATROCÍNIO - III;Alberto de Oliveira;"O meu amor é um mundo 
Belo e desconhecido,
Nas regiões perdido 
De uns astros siderais;
Onde há um luar eterno, 
Em fundo azul radiante, 
Que enche a cada instante 
Os mares de cristais.
Onde crianças louras, 
Cheias de palidez, 
Soltam as tranças áureas 
Dos ombros na nudez.
Onde encantados gênios 
Se cruzam pelo espaço, 
E os silfos adormecem 
Dos sonhos no regaço.
Oh! não me bate o seio 
De alguém o ir buscar! 
Tão alto fica! — A ele 
Quem leva-me é o luar!"
XXIV - TORTURAS DO IDEAL - A JOSÉ DO PATROCÍNIO - IV;Alberto de Oliveira;"Que sombra pesada é esta 
Que passa, a cada momento, 
No meu belo firmamento 
Vestido de gala e festa?
Por que ao pé da alegria 
Há de se erguer a tristeza, 
A noite junto do dia, 
Diz-me por que, Natureza?
Pois para tudo uma sina 
Assim tão negra criaste? 
Por que pende a flor na haste 
Ainda à luz matutina?
E a nós, no viço da idade,
À luz da vida tão nova,
Por que o problema da cova,
O umbra et nihil da eternidade?
Por que no nosso degredo,
Nos fere sempre esse espinho? 
Por que topar no caminho 
Sempre a morte — esse rochedo?
E sempre essa voz que ilude, 
Essa alegria fingida! 
Pois pode haver luz na vida,
Se há sombras sobre o ataúde?
Que grande, negro mistério 
É esse que nos circunda,
E que fatal nos inunda 
De um frio palor funéreo?
Haverá na morte um porto 
P’ra os nautas da tempestade? 
Será um mar a eternidade?
— Qual o destino do morto?...
Que sombra pesada é esta 
Que passa, a cada momento, 
No meu belo firmamento 
Vestido de gala e festa?"
XXIV - TORTURAS DO IDEAL - A JOSÉ DO PATROCÍNIO - V;Alberto de Oliveira;"Onde estais vós, que eu via 
Quase a roçar por mim, 
Astros do meu amor? 
Estrelas que eu sentia 
Abrirem-se ao meu lado, 
Como botões de flor! 
Que bruma vos esconde 
Lá nesse céu fechado?
Onde é que estás, aonde,
Ó minha fantasia?
Quem despertar-me veio 
A vida no meu seio,
A vida, à luz do dia,
Quando, entre sonhos mansos, 
Eu só amava a noite,
Ó minha fantasia?
Ó sol! vai tu nas águas 
A fronte mergulhar! 
Crepúsc’lo! luz do dia, 
Esparecei no mar!
— Chegai, chegai da noite, 
Ó sombras perfumosas! 
Vinde enastrar de rosas 
Meu leito de sonhar!"
VI - VOZES NO AR;Alberto de Oliveira;"As minhas asas são brancas 
Como um novelo de espumas; 
Como as pérolas caídas 
Do alvo colar das brumas! 
Sobre as minhas asas brancas, 
Vem!
— Que tantas mulheres belas! 
Que tão formosas donzelas 
Há, além daquelas estrelas, 
Além!
As almas que o sol receiam, 
Que temem do sol as brasas, 
Eu, doce raio da lua,
Conduzo nas minhas asas! 
Sobre as minhas asas brancas, 
Vem!
Há, desta terra distantes,
Mil palácios deslumbrantes, 
Cobertos de diamantes,
Além!
Que clara é a noite, e formosa! 
Que face de céu tão nua....
— Quem és tu que assim me falas, 
Num frio raio da lua?
— Vem nas minhas asas brancas,
Vem!
Que tanto seio se agita 
Além na plaga infinita! 
Que tanto sonho palpita,
Além!
— Eu sou a filha dos ermos, 
Das soledades azuis! 
Deixou-me, errando na noite,
Uma orvalhada de luz;
Sobre as minhas asas brancas, 
Vem!
Cem estrelas luminosas 
Estão se abrindo, como as rosas, 
Lá nas campinas formosas,
Além!"
VII;Alberto de Oliveira;"Cantai, gênios do azul,
Ó bardos invisíveis! 
Cantai do meu amor 
As trovas imortais! 
O pensamento exul 
Desterra os impossíveis!
Há sempre um mundo em flor 
No céu dos ideais!
Cantai, liras sonoras,
Ó harpas diamantinas!
Meu céu, meu mundo esplende 
À branca flor do luar! 
Eternas são as horas! 
Passai, doudas ondinas! 
Ó mar! a voz suspende! 
Astros — enchei o mar!"
VIII;Alberto de Oliveira;"Por uma escada brilhante,
Que do céu prende-se à terra, 
Minha alma, saudosa amante, 
Sobe até o mundo distante 
Em que seu amor se encerra.
Depois de na estância pura 
Gozar de uns sonhos de paz, 
Quer voltar à terra escura; 
Procura a escada, procura... 
Procura... não a vê mais!"
IX;Alberto de Oliveira;"Eu ia uma noite, só, 
Cortando os ares azuis, 
Buscar-te as asas de luz 
Com as minhas asas de pó.
Quando no fino alabastro 
Das mil estrelas tocara, 
Todo o meu ser se inflamava 
Do vivo fogo de um astro.
Era que as chamas dos céus, 
Que aqueles círios bebiam, 
Dos teus olhares partiam, 
Dos grandes olhares teus.
E foi por isso que, só, 
Naqueles ares azuis, 
Senti tornadas de luz 
As minhas asas de pó!"
X - I;Alberto de Oliveira;"Às vezes eu não sei 
Que mágoa me lacera, 
Que mesmo nem quisera 
Te ver ao pé de mim.
Me pungem teu olhar 
E tua voz serena;
Não posso olhar sem pena 
O teu semblante assim."
X - II;Alberto de Oliveira;"Que sempre a nós nos fira 
A dor dessa tristeza! 
Ó mundo! ó natureza! 
Que tendes sobre nós?
Que existe além da sombra? 
Acaso ao fim do dia 
À noite erma e sombria. 
Iremos ter a sós?"
X - III;Alberto de Oliveira;"Além, por terra estranha, 
O meu olhar divaga:
— É linda aquela plaga! 
Eu amo aquele céu!
Ali, sob o arvoredo,
A vida como fora,
À claridade loura 
De algum luar sem véu!"
X - IV;Alberto de Oliveira;"Mas ah! em toda a parte 
O grande horror se encerra! 
É feia, é vil a terra! 
Eu nunca amei-a, não!
Um’arvore é um cipreste…
Eu temo-te, arvoredo! 
E como fazes medo,
Ó pálido clarão!"
X - V;Alberto de Oliveira;"Que mão que nos acena 
Sempre através de um sonho?...
— Ó túmulo! és medonho! 
Ó morte! és sempre assim!
Às vezes eu não sei 
Que mágoa me lacera, 
Que mesmo nem quisera 
Te ver ao pé de mim!"
X - XI;Alberto de Oliveira;"Como sudários, vejo 
As nuvens se arrastando,
E ouço a voz longínqua 
De uns gênios pranteando.
E a lua que aparece,
Com a alvinitez de um lírio, 
Pasma porque a um morto 
Irá servir de círio.
Como um lençol de morte, 
Se alarga o véu da bruma 
No ar pesado e frio;
E o céu sem luz nenhuma,
Vejo arquear-se trêmulo 
Cheio de nódoas pretas; 
Na terra, como uns ais, 
Morrem as violetas!
Ó noite! no teu seio 
Há um grande cemitério! 
Errai, sombras do túmulo! 
Ó filhas do mistério!
Ó meu amor! teu féretro 
Que não cabe no mundo,
A noite vai guardá-lo 
Ao seio seu profundo!"
X - XII;Alberto de Oliveira;"Era ao morrer da noite.
Eu via o negro bando 
Das sombras, pouco a pouco, 
Se ir evaporando;
E pranteava, quando, 
Argêntea, luminosa,
Vi da amplidão superna 
Uma encantada lágrima 
Rolar silenciosa.
E nisso — o olhar imerso 
No céu,— se desfaziam 
As nuvens; as estrelas 
No azul apareciam.
E então, qual essa lágrima, 
Imensa, alva, divina,
Vi levantar-se trêmula 
A Vênus matutina!"
X - XIII;Alberto de Oliveira;"Quando ao ideal ainda 
Leva-me a fantasia,
Lá num país escuro 
Onde não chega o dia, 
Sinto, nas noites minhas, 
Chegar do pensamento 
As ágeis andorinhas.
Aí, sobre esse mundo, 
Há um dístico funéreo, 
Um lúgubre — aqui jaz —
— Naquele cemitério 
O meu amor profundo 
Está dormindo em paz!"
XXV - A FONTOURA XAVIER;Alberto de Oliveira;"Eu não leio somente a história dos amantes, 
Os ternos madrigais que o coração suspira; 
Não vivo só de olhar a lírica safira 
Do amadornado céu, nas noites gotejantes.
Também sei me enlevar, se, em sacrossanta ira, 
O Bem calca com os pés os Vícios arrogantes, 
E, como tn, folheio a lenda dos gigantes,
E sei lhes dar também uma canção na lira.
Por isso, de meu quarto os três degraus subindo, 
Verás sobre o Intermezzo a Ilíada se abrindo, 
Enquanto, ao muro, além, velando a filigrana,
Como faz um fidalgo aos pálidos avós,
Está um Bayard guerreiro aos pés duma sultana, 
As Vênus ideais ao lado dos heróis."
XXVI - O MÊS DE OUTUBRO - A ARTUR AZEVEDO;Alberto de Oliveira;"Ventava um tanto a Leste. Ao longe, onde difusa 
Via-se uma suave e mole claridade,
A um cerro, a uma rocha, a um monte em orfandade 
A neve preparava a algodoada blusa.
No silêncio do ar havia um quer que fosse 
De uma asa a fechar-se. A olímpica frescura, 
O azulado ideal das pétalas da altura 
Tinha os tons de um sorrir religioso e doce.
Havia um bocejar de luz prometeana.
Era a estrela a morrer. Um vinho de luz turva 
Ia enchendo do céu a taça semi-curva 
Voltada na amplidão com uns tons de porcelana.
Começou a cantar um’ave nesse instante;
E alguém que contemplasse as vias luminosas, 
Veria um apertar de mãos misteriosas
E uns deuses a correr no páramo arquejante.
Depois um ciciar de bocas e de arminhos,
Como um beijo na sombra. Após, no descampado, 
O silêncio em que fica um leito abandonado 
Na branca confusão das rendas e dos linhos.
A luz sarjava o ar de um sentimento rubro.
O oceano acordou-se à uma harmonia estranha,
O sol pôs-se a espiar por trás duma montanha...
— Foi assim que se fez o belo  mês de Outubro."
XXVII - LUZ NOVA - A A. BARREIROS - I;Alberto de Oliveira;"De há muito eu ando a pensar 
Se o louro de tuas tranças 
Será mais que o do luar 
Das minhas novas esp’ranças;
E se haverá porventura 
Em todo o lago dos céus 
Um cisne de mais alvura 
Que o cisne dos sonhos meus.
É um prodígio, um portento 
Ver num instante mudado 
O escuro de um céu nublado 
No azul de um bom firmamento.
E foi o que tu fizeste,
Ó loura! nest’alma inteira: 
Plantaste um pé de roseira 
Aonde eu tinha um cipreste!"
XXVII - LUZ NOVA - A A. BARREIROS - II;Alberto de Oliveira;"Por muitas vezes eu cismo 
Nessas mudanças seguidas,
Em que, de abismo em abismo, 
Ou salvam-se muitas almas 
Ou perdem-se muitas vidas.
Porém de tais resplendores 
Me apareceste banhada,
De tal luz, de tais amores, 
Inconcebíveis, profundos;
Que, ao ver-te assim rodeada, 
Fiquei com a fronte suspensa, 
Pensando na luz imensa 
Que corre nos outros mundos!"
XXVII - LUZ NOVA - A A. BARREIROS - III;Alberto de Oliveira;"Disseram-me ontem, filha, 
Falando-se a teu respeito,
Que alguém que ouvira teu peito 
Bater por sob a escomilha;
Que alguém, algum trovador, 
Que com a tuba dos tinteiros 
Cantava assuntos guerreiros 
Mas não assuntos de amor;
Ao desfolhar de um sorriso. 
De acre ironia manchado, 
Pusera a pena de um lado 
Rompendo num improviso.
Aquele olhar fundo e célico 
Todo esvaiu-se num cântico, 
E o nosso trovador bélico 
Fez-se poeta romântico.
Quis crer... mas tu me disseste 
Que tens o peito gelado,
Como o mármor’ olvidado 
No olvido de campa agreste!"
XXVII - LUZ NOVA - A A. BARREIROS - IV;Alberto de Oliveira;"À noite, quando reunidos 
À ceia, em redor da mesa, '
Em frente um d’outro sentados, 
Ah! me parece que escuto 
Gemer a minh’alma presa 
Na roda de teus vestidos 
Por nossos pés espalhados.
Depois eu sinto que a bebes 
De gole em gole, tirana! 
Se do teu lábio aproximas 
A xíc'ra de porcelana.
Mas nesse engano em que, lento, 
Somente eu sinto os abrolhos, 
Para vingar-me, sedento, 
Erguendo a chávena pura, 
Creio que ao chá de mistura 
Estou bebendo os teus olhos!"
XXVII - LUZ NOVA - A A. BARREIROS - V;Alberto de Oliveira;"Metade nos teus cabelos, 
Outra metade afastada, 
Minh’alma vive abafada 
Na gemônia de uns anelos!
De que lhe valem as asas 
Que lhe deste pr’a voar,
Se ela ascender nunca pode 
Ao teu sacríssimo altar!
És a estrela que clareia 
E foge, — a onda que alaga;
— Onda, — chamaste-me a areia, 
Astro — chamaste-me a vaga.
Ah! que eu só veja em assombro 
Todos os dias, ó flor! 
A garça do teu amor 
Pousar-me por sobre o ombro!
E que seu voo suave,
Pelos rosais do caminho,
Não siga, como uma ave 
Que vai em busca do ninho!"
XXVII - LUZ NOVA - A A. BARREIROS - VI;Alberto de Oliveira;"Quando o teu olhar se embebe 
Em meu olhar, lenta, lenta,
Há uma fonte que rebenta 
Em o meu peito — esse Horebe! 
E todo um povo que anseia 
E que me enche o interior, 
Nessa cristalina veia 
Estanca a sede do amor!
Por isso quero-te ao perto; 
De ver-te nada me impede, 
Pois dói-me o grito de sede 
Das multidões no deserto."
XXVII - LUZ NOVA - A A. BARREIROS - VII;Alberto de Oliveira;"Não sei onde há mais penas: 
Se no leito de teu colo,
Se no das crenças serenas 
Que abriste p’ra meu consolo.
É de uma beleza extrema 
Tua voz se balbucia 
Esse cântico — Maria! 
E — Jesus — esse poema !
Se falas dos céus, dos astros,
De Deus, da luz, d’alvorada, 
Quando, branca, ensanguentada, 
Morria-me a fé de rastos!
Não sei onde há mais pureza 
Se no olhar que diz — amor! 
Se no que exclama — Senhor! 
E diz após — Natureza!"
XXVII - LUZ NOVA - A A. BARREIROS - VIII;Alberto de Oliveira;"Quando, ao meu lado, eu, assim, 
Vejo-te aérea e tão bela,
Que até te julgo uma estrela 
Suspensa por sobre mim…
Quando te sinto ao meu lado, 
Tão pura, tão casta, ó pomba! 
Como uma bênção que tomba 
Lá do azul imaculado…
Quando — pequenos gigantes — 
Em mim teus olhos tu cravas, 
Teus olhos — cetíneas lavas,
E como que palpitantes...
Quando essas duas turquesas 
Dest’alma lanças n’oceano,
Com o colar indiano 
Daquelas mortas princesas…
Ah! eu não sei o que exprime 
Todo o meu ser nesse eflúvio! 
Sente as flamas do Vesúvio... 
Sente as vertigens do Crime!"
XXVII - LUZ NOVA - A A. BARREIROS - IX;Alberto de Oliveira;"Aquela florzinha azul 
Que ontem trouxeste do campo, 
E que era o berço anilado, 
Talvez, de algum pirilampo, 
Pelos vargedos exul;
Morreu... seu rosto esmaiado 
Tinha... não sei bem a cor; 
Tinha a cor do leito amado,
Onde, lampírio adorado,
Tu dormes, ó meu amor!"
XXVII - LUZ NOVA - A A. BARREIROS - X;Alberto de Oliveira;"Eu sei que mais que aos meus versos 
Amas à noite escutares 
A voz de alguma viola,
Os sons duma ária espanhola 
Pelos serenos dispersos.
É que, disseste uma vez,
Há um quê de mais harmonia 
Nestes sons que a poesia 
De teus versos nunca fez.
Para poder te agradar 
Hei de mandar ajuntar 
Às cordas de minha lira
As cordas de um bandolim;
E quando eu cantar, assim,
Do amor na volúpia imersos,
Ao céu não leves o olhar,
Porque na luz do luar 
‘Starão chorando os meus versos."
XXVII - LUZ NOVA - A A. BARREIROS - XI;Alberto de Oliveira;"Não amo o lar em que moras, 
E eu sei que é lindo o teu lar, 
Pois a tua casa branca 
Tem janelas para o mar!
Temo, é que amo-te e muito! 
Temo que o monstro algum dia... 
Saltando da jaula fria,
Não queira te arrebatar.
És minha só, e por mim 
É só que deves pensar... 
Por que passeias na praia? 
Por que contemplas o mar?
Não amo o teu lar! Se eu fosse 
A viração, ao passar,
Fechara aquela janela 
Que se abre para o mar!"
XXVII - LUZ NOVA - A A. BARREIROS - XII;Alberto de Oliveira;"Como tu vês, no meu peito 
Lançaste este amor profundo,
Que eu não acho um mundo aonde 
Me abrigue com este mundo.
A mim, pequeno que era, 
Encheste de luz tamanha,
Que eu me pareço um gigante 
Carregando uma montanha.
E em meio de meu caminho,
Eu sei, s’um dia cansar,
O peso desta montanha
Há de espremer-me e esmagar.
E sob esse peso enorme
O que serei eu? — Me aterra 
Ver o azul — esse infinito —
Sobre essa migalha — a terra!!!"
XXVII - LUZ NOVA - A A. BARREIROS - XIII;Alberto de Oliveira;"Estas pequenas canções 
Cheias do amor que me deste, 
Que pensas? Quando morrermos 
Terão também seu cipreste?
Não! Dos lírios do teu peito 
Nas urnas imaculadas 
Eu pedirei que deponham 
Essas canções mal rimadas.
Depois... Ramalhai, salgueiros! 
Luares brancos, brilhai!
— Estão aqui dois amantes 
Adormecidos num ai!"
